_key,username,location,postcount,likes,keyword,gender,identity,marriage,region,risk_appetite,education,revenue,deposit,debt,intended_products,label
0,,,,,è¿›å…¥çŠ¶æ€,,,,,,,,,,,
1,DaryLS,å…‹æ‹‰æ ¼çš„ä½æ‰€,5.0,15.0,è€ç…§ç‰‡,,,,,,,,,,,
2,B79,"Temple, TX",1717.0,12551.0,äº’è”ç½‘å†…å®¹,,,,,,,,,,,
3,a95,,1.0,0.0,æ— ,,,,,,,,,,,
4,541D,Bandung,164.0,5443.0,æ— ,,,,,,,,,,,
5,12417B,,180.0,6.0,ç”µå­é‚®ç®±,,,,,,,,,,,
6,619bd,,1.0,0.0,æ— ,,,,,,,,,,,
7,F130,,54.0,0.0,è€ç…§ç‰‡,,,,,,,,,,,
8,1438,,1.0,0.0,æœ‹å‹,,,,,,,,,,,
9,7c71,,4.0,0.0,æ— ,,,,,,,,,,,
10,CCnono,,4.0,11.0,æ— ,,,,,,,,,,,
11,æœ‰äº‹è¯´è¯,,1.0,2.0,å¤åˆ¶ç²˜è´´,,,,,,,,,,,
12,Jojoå§,,,,æ— ,,,,,,,,,,,
13,da6,,1333.0,1.0,æ— ,,,,,,,,,,,
14,560,,1.0,0.0,æ— ,,,,,,,,,,,
15,bd7,,3.0,0.0,ç©,,,,,,,,,,,
16,F0A,,4.0,0.0,æ— ,,,,,,,,,,,
17,B59,Schipluiden,361.0,6.0,æ— ,,,,,,,,,,,
18,bdb,Barcelona,12346.0,3.0,æ— ,,,,,,,,,,,
19,7B8,Riyadh,7.0,0.0,æ— ,,,,,,,,,,,
20,69b,,1.0,0.0,æ— ,,,,,,,,,,,
21,570,"Williamsport, PA",31.0,0.0,ç®¡ç†å‘˜,,,,,,,,,,,
22,332,"south wales, uk",410.0,14.0,æ— ,,,,,,,,,,,
23,58b,,1.0,0.0,æ— ,,,,,,,,,,,
24,819,JPN.,5262.0,1460.0,æ—¶å…‰,,,,,,,,,,,
25,2ca,,161.0,7.0,æ„Ÿè§‰,,,,,,,,,,,
26,d99,Indonesia,7748.0,230.0,æ— ,,,,,,,,,,,
27,ead,SF | NY,845.0,6371.0,æ— ,,,,,,,,,,,
28,cdd,Atlanta,92.0,115.0,å¤ªå¤šæ¨ç‰¹,,,,,,,,,,,
29,B53,Dublin Ireland,167.0,350.0,çˆ±,,,,,,,,,,,
30,86b,Ø¹Ù„Ù‰ Ù‚ÙŠØ¯ Ø£ÙÙ…Ù†ÙŠØ©,218.0,25.0,ç”µè¯å·ç ,,,,,,,,,,,
31,1ee,,114.0,15.0,å–å¾—è”ç³»,,,,,,,,,,,
32,174,,4.0,0.0,å¾ˆæ¼‚äº®,,,,,,,,,,,
33,3817,,5.0,0.0,æµ‹è¯•,,,,,,,,,,,
34,6f12,,1232.0,5.0,æœ‰åŠ©äº,,,,,,,,,,,
35,6119,,5.0,18.0,åš,,,,,,,,,,,
36,b012,,2.0,0.0,ä½œå‡ºååº”,,,,,,,,,,,
37,0625,,71.0,4.0,æå–ç‰©,,,,,,,,,,,
38,Deb9,,1.0,0.0,æ— ,,,,,,,,,,,
39,13b8,,9.0,0.0,åœ£è¯è€äºº,,,,,,,,,,,
40,150c,"æ¨ªæµœå¸‚
",599.0,9.0,æ¬ºéª—,,,,,,,,,,,
41,c1b2,,1.0,0.0,ä½åœ¨ä¸€èµ·,,,,,,,,,,,
42,590A,"Staffordshire, United Kingdom",5.0,1.0,ä½“è‚²åœº,,,,,,,,,,,
43,C4e8,"10.446194,-66.853089",1.0,21.0,æ´»ç€,,,,,,,,,,,
44,B045,,1.0,0.0,å…³æ³¨,,,,,,,,,,,
45,ba2ac,,5.0,0.0,å®é™…ä¸Š,,,,,,,,,,,
46,fbcbc,,1.0,0.0,å­£èŠ‚,,,,,,,,,,,
47,89193,æœ­å¹Œå¸‚,30.0,2.0,æ— ,,,,,,,,,,,
48,20733,20733,482.0,0.0,å¯çˆ±,,,,,,,,,,,
49,19a53,,16.0,2.0,ä¸Šå¸,,,,,,,,,,,
50,01949B,,14.0,0.0,ç¢çº¸æœº,,,,,,,,,,,
51,800801,,19.0,1.0,ç¾å›½ç‰ˆ,,,,,,,,,,,
52,_linlef,,2842.0,9351.0,æ£€æŸ¥ä¸€ä¸‹,,,,,,,,,,,
53,wuwalida,,9.0,8.0,å‰æ®µæ—¶é—´,,,,,,,,,,,
54,Ages_Emporium,,14168.0,56514.0,çœ‹ç”µè§†,,,,,,,,,,,
55,charlotteauman1,,1868.0,4582.0,æ­£ç‰ˆä¹¦,,,,,,,,,,,
56,f10944,,9.0,0.0,å¹»ç¯ç‰‡,,,,,,,,,,,
57,DA6b0,,3.0,5.0,æ¥åˆ°,,,,,,,,,,,
58,C2482,,3.0,0.0,é¥±å’Œ,,,,,,,,,,,
59,73553,73553,389.0,0.0,æŒ‘æˆ˜,,,,,,,,,,,
60,dabc4,,1.0,0.0,é€‰æ‹©,,,,,,,,,,,
61,0ff10,,4.0,0.0,æŠ¥å,,,,,,,,,,,
62,1Aa00,,28438.0,0.0,å¤ª,,,,,,,,,,,
63,ff0c1,Ø§Ù„Ù„Ù‡ ÙˆØ£ÙƒØ¨Ø±,6125.0,1.0,æˆå¹´äºº,,,,,,,,,,,
64,28b93,,7.0,6.0,å°æ—¶,,,,,,,,,,,
65,46550,46550,362.0,0.0,çˆ¸çˆ¸,,,,,,,,,,,
66,53716,53716,2151.0,0.0,æŠ€æœ¯äººå‘˜,,,,,,,,,,,
67,B4FF,,2.0,1.0,å–æ¶ˆèµ„æ ¼,,,,,,,,,,,
68,E444,,2.0,0.0,æ— ,,,,,,,,,,,
69,86A5,,2.0,0.0,è§£å†³æ–¹æ¡ˆ,,,,,,,,,,,
70,a78b,,3.0,0.0,å’Œå¹³,,,,,,,,,,,
71,5def,Nigeria west africa,15.0,0.0,è¯•å›¾,,,,,,,,,,,
72,3376,,4.0,1.0,å«å…µ,,,,,,,,,,,
73,9619,,1.0,0.0,è®¿é—®,,,,,,,,,,,
74,0A06,,6171.0,8442.0,æ…ˆå–„æœºæ„,,,,,,,,,,,
75,2016,The World,6.0,4.0,çƒ­çº¿,,,,,,,,,,,
76,6366,,1.0,0.0,ç½‘ç«™,,,,,,,,,,,
77,2a4c,,7.0,27.0,ä¸Šå¸ä¿ä½‘,,,,,,,,,,,
78,9600,"Hebden Bridge, England",35928.0,7647.0,å¼ºå¤§,,,,,,,,,,,
79,e3eA,,5.0,0.0,æ— ,,,,,,,,,,,
80,8816,,2.0,0.0,æŒ‰é’®,,,,,,,,,,,
81,2225,,17.0,0.0,æ‹›å¾…ä¼š,,,,,,,,,,,
82,c7a1,Canada,24.0,4.0,æµ‹è¯•,,,,,,,,,,,
83,adad,,46.0,1.0,ä¼šè®®å®¤,,,,,,,,,,,
84,86A5,,2.0,0.0,è§£å†³æ–¹æ¡ˆ,,,,,,,,,,,
85,EA4A,,2.0,0.0,ç¡®å®š,,,,,,,,,,,
86,09de,,1.0,0.0,åŠ å…¥,,,,,,,,,,,
87,be1e,,289.0,6.0,åŠ å…¥,,,,,,,,,,,
88,de44,,2.0,0.0,çœ‹ä¸æ‡‚,,,,,,,,,,,
89,0ed1,Kuwait,318.0,681.0,æ·±è¡¨æ­‰æ„,,,,,,,,,,,
90,6371,,2.0,0.0,æ— ,,,,,,,,,,,
91,4D18,"ÃœT: -6.164094,106.634322",9.0,0.0,æ€§è¡Œä¸º,,,,,,,,,,,
92,C602,,11.0,1.0,åº”ç”¨ç¨‹åº,,,,,,,,,,,
93,eb33,"Pearland, TX",1306.0,2257.0,æ¬ºéª—,,,,,,,,,,,
94,0ac0,"Dallas, TX",1.0,0.0,æ— ,,,,,,,,,,,
95,Daa2,,4.0,0.0,æ— ,,,,,,,,,,,
96,0dd2,,3.0,0.0,å†³å®šæ€§,,,,,,,,,,,
97,7251,TOKYOã¨ãã©ãTOYAMA,6306.0,581.0,å®é™…ä¸Š,,,,,,,,,,,
98,556a,,60.0,12.0,äººåŠ›èµ„æº,,,,,,,,,,,
99,3fca,Universidad Zamorano,3.0,0.0,æ— ,,,,,,,,,,,
100,Dominic,,,,å–æ¶ˆ,,,,,,,,,,,
101,ä¸ƒä¸ƒ,,,,æ°”å€™å˜åŒ–,,,,,,,,,,,
102,leshu,,5.0,10.0,é‚€è¯·,,,,,,,,,,,
103,iii,,1.0,2.0,å¤©èŠ±æ¿,,,,,,,,,,,
104,N_N,,,,è§†é¢‘,,,,,,,,,,,
105,å­¦ä¹ ä¹‹æ˜Ÿé»„è¿ªæ™¨,,,,å¹´è½»äºº,,,,,,,,,,,
106,metabeing,,3.0,6.0,åº”ç”¨ç¨‹åº,,,,,,,,,,,
107,excalibur,,,,ä¿æŠ¤ç¯å¢ƒ,,,,,,,,,,,
108,Gllaucus,,,,æ— ,,,,,,,,,,,
109,jflam,,,,ä¸»æ•™ç»ƒ,,,,,,,,,,,
110,Nathan,,,,çŠ¶æ€,,,,,,,,,,,
111,guluglu,,,,æ— ,,,,,,,,,,,
112,è“çº¢æ°´,,,,æ— ,,,,,,,,,,,
113,Weeknd,,,,æœ‰åŠ©äº,,,,,,,,,,,
114,Alicia,,,,å®¢æˆ·æœåŠ¡,,,,,,,,,,,
115,Afirmiana,,1.0,2.0,æ— ,,,,,,,,,,,
116,Shirley,,,,å˜‰å¹´å,,,,,,,,,,,
117,ç›ç„—åœŸè±†_,,2.0,4.0,ææ€–ç”µå½±,,,,,,,,,,,
118,shrimp,,1.0,2.0,ä¼™ä¼´å…³ç³»,,,,,,,,,,,
119,å‰é”¦ä¼¼æµ·,,1.0,2.0,æ— ,,,,,,,,,,,
120,panlis,,,,çŸ¥è¯†åˆ†å­,,,,,,,,,,,
121,6F9,"Bilbao, EspaÃ±a",5430.0,4268224551293.0,æ— ,,,,,,,,,,,
122,830,,2.0,0.0,æ‰¬å£°å™¨,,,,,,,,,,,
123,A4A,,11.0,14.0,èŠ‚çº¦èƒ½æº,,,,,,,,,,,
124,1a0,Brisbane,2977.0,16974.0,æ¶¦æ»‘è„‚,,,,,,,,,,,
125,bdf,"California, USA",2875.0,7956.0,å¾ˆå¿«,,,,,,,,,,,
126,e36,,2.0,1.0,è¿‡å±±è½¦,,,,,,,,,,,
127,7FE,,4318.0,1560.0,å°æ—¶,,,,,,,,,,,
128,5aa,,2.0,0.0,æµ‹è¯•,,,,,,,,,,,
129,F0B,,108.0,19.0,ä¸ªäººç”µè„‘,,,,,,,,,,,
130,134,,1.0,0.0,æ— ,,,,,,,,,,,
131,894,osaka,11768.0,40082.0,å¤šé•¿æ—¶é—´,,,,,,,,,,,
132,223,,1.0,4518.0,æˆ˜äº‰è´©å­,,,,,,,,,,,
133,130,,1115.0,2311.0,è§‰å¾—,,,,,,,,,,,
134,049,,38.0,2.0,åˆšåˆš,,,,,,,,,,,
135,6dd,"Colorado, USA",1.0,0.0,å…ˆé©±,,,,,,,,,,,
136,AB3,,2.0,0.0,å¤ªå¤šæ¨ç‰¹,,,,,,,,,,,
137,b64,,98.0,52.0,ç”œç‰ç±³,,,,,,,,,,,
138,2fa,Wolfsburg,800.0,5289.0,ä»”ç»†é˜…è¯»,,,,,,,,,,,
139,f2e,,1.0,0.0,ç¾å¥½æ—¶å…‰,,,,,,,,,,,
140,577,,1.0,0.0,ç»“æŸ,,,,,,,,,,,
141,1bc,Palm Beach,367.0,12597.0,å…´è¶£,,,,,,,,,,,
142,cbd,,413.0,675.0,èƒ½å¤Ÿ,,,,,,,,,,,
143,3ac,,21.0,6.0,åŒ»å­¦ç¾å®¹,,,,,,,,,,,
144,6da,å»£å·Canton,2095.0,2060.0,æ— ,,,,,,,,,,,
145,A5C,,11.0,0.0,ç”µè¯å·ç ,,,,,,,,,,,
146,710,,3.0,0.0,æ— ,,,,,,,,,,,
147,e2d,San Francisco,86.0,6.0,é£Ÿå“è¡Œä¸š,,,,,,,,,,,
148,248,,3.0,0.0,å†æ¬¡,,,,,,,,,,,
149,A20,,2.0,0.0,åˆ»æœ‰,,,,,,,,,,,
150,38b,,1.0,0.0,ä¸Šå¸ä¿ä½‘,,,,,,,,,,,
151,2b5,,2.0,0.0,ä½œå®¶,,,,,,,,,,,
152,E17,,1.0,0.0,å¹´é¾„,,,,,,,,,,,
153,2ca,,161.0,7.0,æ‰€æœ‰äºº,,,,,,,,,,,
154,631,,12.0,0.0,ç¬”è®°æœ¬ç”µè„‘,,,,,,,,,,,
155,1f0,,4.0,0.0,è·å–,,,,,,,,,,,
156,d43,,2213.0,1055.0,å…³æ³¨,,,,,,,,,,,
157,17C,å¤§é˜ª,6533.0,684.0,å…±å’Œå…šäºº,,,,,,,,,,,
158,983,,1.0,0.0,åƒåœ¾ç®±,,,,,,,,,,,
159,51A,London,141.0,426.0,åŒ»åŠ¡äººå‘˜,,,,,,,,,,,
160,565,,2.0,0.0,é»‘æ‰‹å…š,,,,,,,,,,,
161,b6d,Kuwait,139.0,35.0,åŒä¸€æ—¶é—´,,,,,,,,,,,
162,4a9,,2.0,0.0,é€€å‡º,,,,,,,,,,,
163,9db,,5.0,1.0,çˆ†ç±³èŠ±,,,,,,,,,,,
164,784,,4.0,0.0,æ¼”å”±ä¼š,,,,,,,,,,,
165,435,,3.0,0.0,äº’è”ç½‘,,,,,,,,,,,
166,8E0,Riyadh,286.0,15.0,æŠ¥å,,,,,,,,,,,
167,4b3,heywood,194.0,33.0,æµ‹è¯•,,,,,,,,,,,
168,b86,,17.0,128.0,çœŸæ­£,,,,,,,,,,,
169,a77,,4.0,0.0,ç§æ—ä¸»ä¹‰,,,,,,,,,,,
170,488,,1.0,0.0,æˆå¹´äºº,,,,,,,,,,,
171,024,,66.0,24.0,æ— ,,,,,,,,,,,
172,110,"Ø§Ù„Ø±ÙŠØ§Ø¶, Ø§Ù„Ù…Ù…Ù„ÙƒØ© Ø§Ù„Ø¹Ø±Ø¨ÙŠØ© Ø§Ù„Ø³Ø¹ÙˆØ¯ÙŠØ©",74.0,16.0,åŒæƒ…å¿ƒ,,,,,,,,,,,
173,Beb,,1.0,0.0,è°ƒæŸ¥,,,,,,,,,,,
174,60e,,1.0,0.0,ä½“è‚²åœº,,,,,,,,,,,
175,60e,,1.0,0.0,å† å†›èµ›,,,,,,,,,,,
176,371,,24.0,0.0,ç¢çº¸æœº,,,,,,,,,,,
177,CB2,"Chicago, IL",17459.0,3620.0,æ·±è¡¨æ­‰æ„,,,,,,,,,,,
178,4E5,,2.0,0.0,è·å–,,,,,,,,,,,
179,C9E,,3.0,0.0,è¿›è¡Œ,,,,,,,,,,,
180,223,,1.0,4518.0,å……åˆ†å‡†å¤‡,,,,,,,,,,,
181,4d9,,1.0,0.0,åº”ç”¨ç¨‹åº,,,,,,,,,,,
182,A65,,1.0,0.0,éœ€è¦,,,,,,,,,,,
183,95D,"Recife, Pernambuco",114.0,1130.0,ç©†æ–¯æ—,,,,,,,,,,,
184,108,"New York, NY",47407.0,9068.0,ç”·æœ‹å‹,,,,,,,,,,,
185,237,"Tel-Aviv, Israel",59.0,0.0,å¯»æ‰¾,,,,,,,,,,,
186,f38,,1.0,0.0,æ¦‚å¿µ,,,,,,,,,,,
187,921,tokyo,17842.0,850.0,ç”µå­é‚®ä»¶,,,,,,,,,,,
188,93D,,61.0,749.0,å¯åŠ¨,,,,,,,,,,,
189,D31,,12.0,0.0,ä¸ŠåºŠç¡è§‰,,,,,,,,,,,
190,41F,,4.0,0.0,ç®—å‘½å…ˆç”Ÿ,,,,,,,,,,,
191,f48,,11.0,0.0,æ— ,,,,,,,,,,,
192,3b5,Somewhere in this world,364.0,10.0,äººå·¥æ™ºèƒ½,,,,,,,,,,,
193,64e,world,2303.0,583.0,å¯»æ‰¾,,,,,,,,,,,
194,314,,2.0,0.0,åŒ»å­¦æœŸåˆŠ,,,,,,,,,,,
195,8fe,,73.0,9.0,ä¹Ÿè®¸,,,,,,,,,,,
196,d3d,,13.0,0.0,è¿›è¡Œ,,,,,,,,,,,
197,815,,1.0,0.0,ä¸Šå¸ä¿ä½‘,,,,,,,,,,,
198,b7e,,2.0,10.0,è®¢å©šæˆ’æŒ‡,,,,,,,,,,,
199,FC8,,180.0,0.0,é£æš´,,,,,,,,,,,
200,47a,puerto cabello,11.0,0.0,åƒåœ¾ç®±,,,,,,,,,,,
201,D3A,"QuerÃ©taro, Mexico",8214.0,2528.0,è‚¡ç¥¨å¸‚åœº,,,,,,,,,,,
202,804,Richmond VA,13.0,0.0,è·å¾—,,,,,,,,,,,
203,e42,,3.0,0.0,å®é™…ä¸Š,,,,,,,,,,,
204,6E4,"Ø§Ù„Ø±ÙŠØ§Ø¶, Ø§Ù„Ù…Ù…Ù„ÙƒØ© Ø§Ù„Ø¹Ø±Ø¨ÙŠØ© Ø§Ù„Ø³Ø¹ÙˆØ¯ÙŠØ©",46819.0,2917.0,æ’­æ”¾å™¨,,,,,,,,,,,
205,33c,,1.0,0.0,æ— ,,,,,,,,,,,
206,Ab8,,14.0,0.0,ç¡è§‰,,,,,,,,,,,
207,15a,"Verspreide huizen Epse, Lochem",1198.0,10.0,å¸æˆ·,,,,,,,,,,,
208,901,Santiago Centro,160.0,0.0,å¹´è½»äºº,,,,,,,,,,,
209,cd2,,1.0,0.0,è·åŒ…è›‹,,,,,,,,,,,
210,5ea,,16.0,0.0,ç‰¹ç§éƒ¨é˜Ÿ,,,,,,,,,,,
211,B25,,5.0,0.0,è§åˆ°,,,,,,,,,,,
212,90a,,2.0,0.0,åœ¨çº¿ç”µå½±,,,,,,,,,,,
213,A94,,2.0,0.0,åˆ»æœ‰,,,,,,,,,,,
214,Dea,"La Guaira, Venezuela",1187.0,723.0,è¦†ç›–èŒƒå›´,,,,,,,,,,,
215,694,"Oslo, Norway",1.0,0.0,èƒœåˆ©è€…,,,,,,,,,,,
216,8d6,,3.0,0.0,çœ‹ç”µè§†,,,,,,,,,,,
217,F03,,3.0,0.0,è®°å¾—,,,,,,,,,,,
218,ccc,,839.0,0.0,æœ¨å¤´,,,,,,,,,,,
219,6F9,"Bilbao, EspaÃ±a",5447.0,4278.0,å¿«ä¹,,,,,,,,,,,
220,8C2,,2732.0,344.0,æŠ•ç¥¨ç«™,,,,,,,,,,,
221,ea5,rio,752.0,64573.0,å­©å­,,,,,,,,,,,
222,0d1,,145.0,1119.0,æ— ,,,,,,,,,,,
223,521,,1.0,0.0,ä½œå®¶,,,,,,,,,,,
224,5f3,Guayaquil,1.0,0.0,å¥³å£«ä»¬,,,,,,,,,,,
225,b9c,,13.0,0.0,æ‰‹è¡¨,,,,,,,,,,,
226,440,,1.0,0.0,è¨€è®º,,,,,,,,,,,
227,571,,3.0,1.0,äº¤é€šå µå¡,,,,,,,,,,,
228,214,,1.0,0.0,æœ‰åŠ©äº,,,,,,,,,,,
229,E40,707 Vallejo Ca. Bay Area ,38050.0,12708.0,è§£å†³æ–¹æ¡ˆ,,,,,,,,,,,
230,6B9,Ø±Ø£Ø³ Ø§Ù„Ø®ÙŠÙ…Ø©,26.0,470.0,ç©å®¶,,,,,,,,,,,
231,02c,Ø¨ÙŠØªÙ†Ø§ğŸ™„,2874.0,159.0,çŸ¥é“,,,,,,,,,,,
232,756,,1.0,0.0,å®é™…ä¸Š,,,,,,,,,,,
233,089,,1.0,152.0,ç”µå½±ç‰ˆ,,,,,,,,,,,
234,03a,,397.0,372.0,å—¡å—¡ä½œå“,,,,,,,,,,,
235,E61,JAPAN,22444.0,6091.0,æ‰€æœ‰äºº,,,,,,,,,,,
236,b1b,,1.0,0.0,è´¦æˆ·,,,,,,,,,,,
237,Da2,,1.0,0.0,æ”¿æ²»å®¶,,,,,,,,,,,
238,2D6,,2079.0,20.0,ç›¸å½“äº,,,,,,,,,,,
239,35c,,8.0,27.0,éœ€è¦çš„è¯,,,,,,,,,,,
240,b46,,13.0,27.0,å¢å‹å™¨,,,,,,,,,,,
241,A2C,shibuya tokyo japan,522.0,24.0,å¥³å­©,,,,,,,,,,,
242,ca6,,2.0,0.0,è¿›å…¥,,,,,,,,,,,
243,E82,,53.0,15.0,å¿ è¯š,,,,,,,,,,,
244,5D3,San Juan de Pasto,18.0,19.0,å®é™…ä¸Š,,,,,,,,,,,
245,915,beijing,7.0,0.0,ä¿¡ç”¨å¡,,,,,,,,,,,
246,2b5,,2.0,0.0,ä»£ç†å•†,,,,,,,,,,,
247,cde,,1.0,0.0,ç¯‡æ–‡ç« ,,,,,,,,,,,
248,217,,21.0,13.0,è·å¾—,,,,,,,,,,,
249,72c,,7.0,0.0,å¥½æ¶ˆæ¯,,,,,,,,,,,
250,e28,,1.0,0.0,å‘ç”Ÿ,,,,,,,,,,,
251,F4F,,1759.0,119.0,äº¤å‰ç‚¹,,,,,,,,,,,
252,2CC,"Canberra, Australia",52766.0,1624.0,æ€è€ƒ,,,,,,,,,,,
253,049,,38.0,2.0,å·¥ä½œ,,,,,,,,,,,
254,376,,2.0,0.0,æ–‡ä¹¦å·¥ä½œ,,,,,,,,,,,
255,1bc,Palm Beach,367.0,12597.0,ä¼Šæ–¯å…°æ•™,,,,,,,,,,,
256,CB2,"Chicago, IL",17459.0,3620.0,ä¼šè®¡å¸ˆ,,,,,,,,,,,
257,4be,Madhya Pradesh,48.0,0.0,è°ƒæŸ¥,,,,,,,,,,,
258,BC1,British Columbia,83010.0,111.0,æ— ,,,,,,,,,,,
259,D66,Nederland,26467.0,6737.0,è¾¾åˆ°,,,,,,,,,,,
260,4e1,south korea,1.0,0.0,ä½œæˆ,,,,,,,,,,,
261,4EC,"Redlands, CA",10.0,6.0,ç©†æ–¯æ—,,,,,,,,,,,
262,FCA,"Manhattan, NY",3554.0,256.0,æŠŠæ‰‹,,,,,,,,,,,
263,996,,1.0,0.0,ç¬‘è¯,,,,,,,,,,,
264,C2E,"Dallas/Ft. Worth/Midlothian,TX",17213.0,1951.0,ä½œæˆ,,,,,,,,,,,
265,431,Amsterdam,687.0,2.0,æ— ,,,,,,,,,,,
266,610,,1.0,0.0,å©Šå­,,,,,,,,,,,
267,F91,æ–°æ½ŸçœŒã€€ä¸­è¶Š,81.0,0.0,ç›´å‡æœº,,,,,,,,,,,
268,978,Taiwan,95.0,0.0,æç¤º,,,,,,,,,,,
269,099,,1.0,0.0,æ€§è¡Œä¸º,,,,,,,,,,,
270,196,,1.0,1.0,æ„Ÿå…´è¶£,,,,,,,,,,,
271,acf,"France, Spain, USA, UK, Canada, Spain, Germany, Italy + nearly 50 countries around the world.",6924.0,0.0,å°å‹ä¼ä¸š,,,,,,,,,,,
272,bf5,,14.0,1077.0,æœç´¢,,,,,,,,,,,
273,4ed,,24.0,0.0,æš´åŠ›è¡Œä¸º,,,,,,,,,,,
274,6C9,Al Bukairiyah - ğŸ‡¸ğŸ‡¦,17689.0,42.0,çœ‹çœ‹,,,,,,,,,,,
275,B93,West Michigan!,2068.0,0.0,åš,,,,,,,,,,,
276,6cd,,1.0,0.0,ä¸–ç•Œå† å†›,,,,,,,,,,,
277,35c,,8.0,27.0,å­å¼¹,,,,,,,,,,,
278,891,SoCal,1.0,0.0,è¿›è¡Œ,,,,,,,,,,,
279,01a,"Fort Wayne, Indiana",31.0,2.0,èµ°å¼€,,,,,,,,,,,
280,C69,,12.0,2.0,å¡ç‰‡,,,,,,,,,,,
281,1FD,,1.0,0.0,ç®¡ç†å±‚,,,,,,,,,,,
282,685,"Camp Pendleton North, CA",425.0,16998.0,è¿›å…¥,,,,,,,,,,,
283,d7c,,1.0,0.0,ä¸Šå¸ä¿ä½‘,,,,,,,,,,,
284,25F,AL AHSSA and jazan,1845.0,687.0,ç½‘ç«™,,,,,,,,,,,
285,ade,"Godalming, UK",37992.0,15770.0,æ´¾å¯¹,,,,,,,,,,,
286,651,,1.0,0.0,å†œåœº,,,,,,,,,,,
287,b51,,1.0,0.0,ä¿±ä¹éƒ¨,,,,,,,,,,,
288,A41,,19.0,0.0,æ™ºèƒ½æ‰‹æœº,,,,,,,,,,,
289,6B9,Ø±Ø£Ø³ Ø§Ù„Ø®ÙŠÙ…Ø©,26.0,470.0,æå‡,,,,,,,,,,,
290,9F1,,53.0,0.0,ä¿±ä¹éƒ¨,,,,,,,,,,,
291,A5C,,11.0,0.0,èŒä¸šç”Ÿæ¶¯,,,,,,,,,,,
292,229,,2.0,1.0,ç‰™ç§‘,,,,,,,,,,,
293,Ede,,4.0,0.0,æ— ,,,,,,,,,,,
294,e95,,1.0,0.0,é˜¿æ‹‰ä¼¯è¯­,,,,,,,,,,,
295,6D1,,9.0,0.0,æˆä¸º,,,,,,,,,,,
296,70a,,2.0,0.0,å›å½’,,,,,,,,,,,
297,134,,1.0,0.0,å—æ¬¢è¿,,,,,,,,,,,
298,756,,1.0,0.0,æ—¶é—´,,,,,,,,,,,
299,9Eb,Madrid,11062.0,12380.0,å¼€å‘äººå‘˜,,,,,,,,,,,
300,d0b,Tokyo,2097.0,177.0,èµ›è·‘è€…,,,,,,,,,,,
301,7FE,,4320.0,1562.0,æ¸¸æ³³æ± ,,,,,,,,,,,
302,28b,SÃ£o Paulo Brazil,10.0,0.0,ç”µç¯æ³¡,,,,,,,,,,,
303,b7d,,1.0,0.0,æ´—è¡£åº—,,,,,,,,,,,
304,466,Japan,4.0,0.0,æ— ,,,,,,,,,,,
305,555,"Bristol, UK",6568.0,4574.0,æŸç§åŸå› ,,,,,,,,,,,
306,14B,,18.0,0.0,æµ‹è¯•ä¸­å¿ƒ,,,,,,,,,,,
307,120,,7285.0,3129.0,å¤©å ‚,,,,,,,,,,,
308,afb,,3256.0,32.0,æœª,,,,,,,,,,,
309,040,,1.0,0.0,ä½œæˆ,,,,,,,,,,,
310,ba2,,20.0,2.0,å¹´è½»äºº,,,,,,,,,,,
311,db7,,1113.0,16.0,ç”µå­è®¾å¤‡,,,,,,,,,,,
312,f86,,56.0,2.0,é’¢é“è¡Œä¸š,,,,,,,,,,,
313,578,"30.316944,-91.123266",1.0,0.0,æµ‹è¯•,,,,,,,,,,,
314,F40,,4.0,1.0,æ— ,,,,,,,,,,,
315,4ad,"Beijing, China",329.0,10.0,å…„å¼Ÿ,,,,,,,,,,,
316,CD5,Maryland,206.0,127.0,å®¶åº­ä½œä¸š,,,,,,,,,,,
317,02e,,3.0,0.0,æ— ,,,,,,,,,,,
318,C37,"Dallas, TX",220.0,169.0,è®¤è´¼ä½œçˆ¶,,,,,,,,,,,
319,063,"Madurai South, India",5.0,90.0,å‘¨å¹´çºªå¿µ,,,,,,,,,,,
320,da4,"Chicago, IL",1473.0,408.0,æ— ,,,,,,,,,,,
321,Be5,,2.0,0.0,çŠ¹å¤ªäºº,,,,,,,,,,,
322,48B,,17.0,11.0,åŠå…¬å®¤,,,,,,,,,,,
323,C0A,,1.0,0.0,æ— ,,,,,,,,,,,
324,A44,,4.0,0.0,æƒ…äººèŠ‚,,,,,,,,,,,
325,008,"Eyes only, love.",15.0,0.0,æœ‰åŠ©äº,,,,,,,,,,,
326,f4e,Wiesbaden,11.0,22.0,æ–°ç¯‡ç« ,,,,,,,,,,,
327,910,,1.0,0.0,æ‰“å­—,,,,,,,,,,,
328,1b14,24,10.0,0.0,çº¢æ¶¦,,,,,,,,,,,
329,ca56,,1.0,0.0,åŠ¨æ¼«å¡é€š,,,,,,,,,,,
330,5ea6,,1.0,0.0,çº¢è¡£ä¸»æ•™,,,,,,,,,,,
331,f7ad,"Ø§Ù„Ù…Ø¯ÙŠÙ†Ø© Ø§Ù„Ù…Ù†, Ø§Ù„Ù…Ù…Ù„ÙƒØ© Ø§Ù„Ø¹Ø±Ø¨ÙŠØ© ",1568.0,0.0,æ— ,,,,,,,,,,,
332,102b,,1.0,0.0,ä½œæˆ,,,,,,,,,,,
333,df71,,23.0,45.0,å‘¨å¹´çºªå¿µ,,,,,,,,,,,
334,e26c,,1.0,0.0,é˜´èŒ,,,,,,,,,,,
335,0566,,1.0,0.0,è§†é¢‘,,,,,,,,,,,
336,0d2e,,2.0,0.0,å®¶åº­ä½œä¸š,,,,,,,,,,,
337,01f5,peru,4.0,0.0,ç”·æœ‹å‹,,,,,,,,,,,
338,F337,S.E.O.U.L,1.0,0.0,é˜…è¯»æ–‡ç« ,,,,,,,,,,,
339,2f26,,74.0,6163.0,ä½œæˆ,,,,,,,,,,,
340,4255,Bremerton Wa,99.0,13.0,è¥¿ç­ç‰™è¯­,,,,,,,,,,,
341,7690,,1.0,0.0,ç›¸å½“,,,,,,,,,,,
342,ec21,,10.0,457.0,æ£€æŸ¥,,,,,,,,,,,
343,33c5,,4.0,0.0,çœ‹ç”µè§†,,,,,,,,,,,
344,6414,,1.0,0.0,æµ‹è¯•,,,,,,,,,,,
345,1448,India,2.0,1.0,é©¬åˆºé˜Ÿ,,,,,,,,,,,
346,a8b8,"Rio de Janeiro, Brasil",16.0,44.0,åŒ»ç–—ä¿å¥,,,,,,,,,,,
347,9973,,4.0,5.0,èµ·äºš,,,,,,,,,,,
348,6743,,4.0,3.0,ç©æ¸¸æˆ,,,,,,,,,,,
349,f509,,2.0,0.0,æ— ,,,,,,,,,,,
350,f7a9,,665.0,0.0,æ¯å…¬å¸,,,,,,,,,,,
351,5e5a,Jeddah,98.0,14.0,å±äº,,,,,,,,,,,
352,5543,,1.0,0.0,è·Ÿéš,,,,,,,,,,,
353,d8c0,,17.0,2.0,äº®ç›¸,,,,,,,,,,,
354,53E2,,4.0,1.0,å¥³åŒæ€§æ‹,,,,,,,,,,,
355,EFBA,"Chaclacayo, Lima, PerÃº",3266.0,10.0,ä¸ªäººä¸»ä¹‰,,,,,,,,,,,
356,2160,,1583.0,8.0,å®¶ä¼™,,,,,,,,,,,
357,ad13,,1.0,0.0,ç”µå­é‚®ä»¶,,,,,,,,,,,
358,8948,Sakura City,536.0,10.0,å¦ˆå¦ˆ,,,,,,,,,,,
359,2645,                                                                                                                        ,4914.0,33468.0,ç­‰ä¸åŠ,,,,,,,,,,,
360,586C,,1.0,0.0,å·ç ,,,,,,,,,,,
361,394a,Ø§Ù„ÙƒÙˆÙŠØª,847.0,15.0,çœ‹ä¸åˆ°,,,,,,,,,,,
362,91a8,,1.0,0.0,æŠ•ç¥¨,,,,,,,,,,,
363,7D71,,2.0,0.0,ç½‘ç»œ,,,,,,,,,,,
364,0db0,,1091.0,423.0,ä¸æƒ³,,,,,,,,,,,
365,2fab,Canada,2.0,0.0,ç”¨æˆ·å,,,,,,,,,,,
366,f6aa,"San Nicolas de los Garza, Mexico",15.0,0.0,é©±åŠ¨å™¨,,,,,,,,,,,
367,1243,,7.0,0.0,æ— ,,,,,,,,,,,
368,e7e6,"Ankara, TÃ¼rkiye",26.0,135.0,æ¢å¤,,,,,,,,,,,
369,7a40,,5.0,10.0,ç²‰ä¸,,,,,,,,,,,
370,eb55,,1.0,0.0,å¼€å‘äººå‘˜,,,,,,,,,,,
371,c884,æ–°å®¿åŒº,18517.0,45920.0,é¢å¥–å…¸ç¤¼,,,,,,,,,,,
372,ae89,,821.0,4339.0,çœ‹ç”µè§†,,,,,,,,,,,
373,5122,,78.0,0.0,æ¯”èµ›,,,,,,,,,,,
374,8469,,1.0,0.0,æ— ,,,,,,,,,,,
375,5c44,,1.0,0.0,å‘˜å·¥,,,,,,,,,,,
376,32B9,,3.0,0.0,è½¬è¿‡èº«,,,,,,,,,,,
377,e961,"ÃœT: 0.52571,101.448067",2977.0,3.0,ç”µå­é‚®ä»¶,,,,,,,,,,,
378,864c,ç¬¬é›¶ä¸‹å››åä¸€éšå±¤éƒ½å¸‚ã€Œã‚¢ã‚µãƒ’ã‚«ãƒ¯ã€,9484.0,57.0,ä¸Šå¸ä¿ä½‘,,,,,,,,,,,
379,0208,,5.0,0.0,ç¼”çº¦æ–¹,,,,,,,,,,,
380,2E30,,98.0,0.0,åˆ†é˜¶æ®µ,,,,,,,,,,,
381,EB72,,309.0,2841.0,äº’è”ç½‘,,,,,,,,,,,
382,3c52,,2.0,0.0,æ³¨å†Œ,,,,,,,,,,,
383,90ea,,27.0,0.0,å­©å­,,,,,,,,,,,
384,AE70,,52.0,2.0,æ— éœ€,,,,,,,,,,,
385,1128,,1.0,0.0,è±ªå®…,,,,,,,,,,,
386,7678,,1.0,0.0,å¥³å£«ä»¬,,,,,,,,,,,
387,3B44,,13.0,0.0,å¤©æ°”,,,,,,,,,,,
388,A169,,1.0,0.0,å¤©æ°”,,,,,,,,,,,
389,4371,"Johannesburg, South Africa",45.0,0.0,å£°æ˜,,,,,,,,,,,
390,83b3,Queensland australia,133.0,453.0,å¤©æ°”,,,,,,,,,,,
391,812d,,2.0,0.0,ç‚‰ç¶,,,,,,,,,,,
392,a102,,3.0,0.0,æ— ,,,,,,,,,,,
393,D659,ãƒ•ãƒ¼ã‚·ãƒ£æ‘,11.0,0.0,æ‰‹è¡¨,,,,,,,,,,,
394,dcaa,"Madison, WI",336.0,3.0,ç‚çƒ­,,,,,,,,,,,
395,95cc,madrid,1.0,0.0,å€¼å¾—,,,,,,,,,,,
396,e5ff,,1.0,0.0,å°ç»„è®¨è®º,,,,,,,,,,,
397,74a3,,2490.0,543.0,èµ„æº,,,,,,,,,,,
398,c46d,,5.0,226.0,æ¯”èµ›,,,,,,,,,,,
399,F3b6,,2.0,0.0,æ»¡æ„å“¦,,,,,,,,,,,
400,e451,,11.0,0.0,çœ‹ä¸åˆ°,,,,,,,,,,,
401,198a,,1.0,0.0,æ¯•ä¸šç”Ÿ,,,,,,,,,,,
402,930E,,2.0,0.0,å¤©æ°”,,,,,,,,,,,
403,cca2,,6.0,0.0,æœ€,,,,,,,,,,,
404,BA18,,1.0,0.0,å£°æ˜,,,,,,,,,,,
405,FDC2,,2.0,0.0,æ— ,,,,,,,,,,,
406,035A,,2.0,0.0,å±±è°·,,,,,,,,,,,
407,7929,,9.0,8.0,å¤©æ°”,,,,,,,,,,,
408,e215,,3022.0,3274.0,ç‰¹,,,,,,,,,,,
409,9Bad,,5.0,0.0,ç©æ¸¸æˆ,,,,,,,,,,,
410,7ab3,,1.0,0.0,ä¸­å¿ƒ,,,,,,,,,,,
411,bac7,,12.0,649.0,æ— ,,,,,,,,,,,
412,B507,,4.0,0.0,é‡è¦æ€§,,,,,,,,,,,
413,fe3d,EUA,1.0,0.0,æ— ,,,,,,,,,,,
414,a2c0,,1.0,1.0,è¶Šæ¥è¶Š,,,,,,,,,,,
415,bb9c,,2.0,0.0,æˆä¸º,,,,,,,,,,,
416,bf79,Budapest,7967.0,562.0,æ— ,,,,,,,,,,,
417,7C8b,,4.0,0.0,æ— ,,,,,,,,,,,
418,BF3C,Paris,5.0,1.0,è¿ä½œ,,,,,,,,,,,
419,AD22,,2.0,0.0,å‘ç”Ÿ,,,,,,,,,,,
420,A135,,2.0,0.0,é¡½çš®,,,,,,,,,,,
421,6020,,5.0,1.0,æ‰‹è¡¨,,,,,,,,,,,
422,4974,,1.0,0.0,å¤©æ°”,,,,,,,,,,,
423,7429,"seoul, korea",7.0,0.0,å¤©æ°”,,,,,,,,,,,
424,be58,,1.0,0.0,æ— ,,,,,,,,,,,
425,15f7,,5.0,1.0,å¤©æ°”,,,,,,,,,,,
426,C57D,,2981.0,1130.0,å›½é˜²éƒ¨é•¿,,,,,,,,,,,
427,B137,,1.0,0.0,æ€œæ‚¯,,,,,,,,,,,
428,D27F,,4279.0,2.0,å·¥ç¨‹å¸ˆ,,,,,,,,,,,
429,3d23,abu dhabi,2.0,0.0,æœºåœº,,,,,,,,,,,
430,551a,å·å£å¸‚,14.0,0.0,å¤©æ°”,,,,,,,,,,,
431,5674,,1.0,0.0,æ— ,,,,,,,,,,,
432,cbc3,,3.0,0.0,å£°æ˜,,,,,,,,,,,
433,ddea,,1.0,0.0,æ‘„å½±å¸ˆ,,,,,,,,,,,
434,A98A,ï¼˜æ£Ÿ,280.0,0.0,å®é™…,,,,,,,,,,,
435,317f,,791.0,352.0,æ‰‹è¡¨,,,,,,,,,,,
436,1000,,40.0,1.0,å‡è§†ç€,,,,,,,,,,,
437,7590,,3.0,0.0,å…³æ³¨,,,,,,,,,,,
438,278C,Ø§Ù„ØºØ§Ø· ,742.0,0.0,ç”Ÿç‰©,,,,,,,,,,,
439,BDee,,15.0,2.0,å¤©æ°”,,,,,,,,,,,
440,231e,,2.0,0.0,é…‹é•¿,,,,,,,,,,,
441,Fa4c,,1.0,0.0,æ¸¸æ³³æ± ,,,,,,,,,,,
442,30AF,,1.0,0.0,è¡¨å…„å¼Ÿ,,,,,,,,,,,
443,0Def,å®®å´,6881.0,30041.0,é—ªç°,,,,,,,,,,,
444,91195,"chattanooga,tn",8.0,17.0,å¤©æ°”,,,,,,,,,,,
445,37912,37912,652.0,0.0,ç‚’ä½œ,,,,,,,,,,,
446,56481,56481,198.0,0.0,æ‰˜ç®¡,,,,,,,,,,,
447,36866,36866,473.0,0.0,å…„å¼Ÿ,,,,,,,,,,,
448,58763,58763,521.0,0.0,å¤ªé˜³èƒ½,,,,,,,,,,,
449,12798,,1.0,0.0,æ— ,,,,,,,,,,,
450,97146,97146,269.0,0.0,æ’æ°”,,,,,,,,,,,
451,c4442,,7.0,0.0,ä¼‘å‡,,,,,,,,,,,
452,FAA86,,365.0,123.0,è·Ÿç€,,,,,,,,,,,
453,AB417,,5.0,0.0,çˆ±å›½ä¸»ä¹‰,,,,,,,,,,,
454,D861A,,22.0,5.0,ä¿æŒ,,,,,,,,,,,
455,7314A,,2.0,0.0,å­—é¢ä¸Š,,,,,,,,,,,
456,a8e17,,33.0,24.0,æ–°,,,,,,,,,,,
457,c2c24,,9.0,0.0,ç¡®å®š,,,,,,,,,,,
458,eccde,"Deer Park, NY - Brentwood, NY",20.0,0.0,æ¶ˆæ¯,,,,,,,,,,,
459,71964,71964,506.0,0.0,åœ£è¯å¿«ä¹,,,,,,,,,,,
460,31643,31643,107.0,0.0,ä¸Šå¸ä¿ä½‘,,,,,,,,,,,
461,40732,,1.0,0.0,å¤±è´¥è€…,,,,,,,,,,,
462,39931,,3.0,0.0,ä¸Šå¸,,,,,,,,,,,
463,31620,31620,157.0,0.0,ä½éŸ³,,,,,,,,,,,
464,c4713,,1.0,0.0,æ— ,,,,,,,,,,,
465,0de16,,405.0,24.0,ä¸€è¾†è½¦,,,,,,,,,,,
466,70632,70632,227.0,0.0,å¹´è½»äºº,,,,,,,,,,,
467,bdbad,sky,3.0,2.0,æ— ,,,,,,,,,,,
468,8a9d1, ,41746.0,4.0,ä¼Šæ–¯å…°æ•™,,,,,,,,,,,
469,ea7ec,,1.0,0.0,æœºå™¨äºº,,,,,,,,,,,
470,39024,,6.0,2.0,å¤§ç†ŠçŒ«,,,,,,,,,,,
471,7412C,,2.0,1.0,è¯è¯­æƒ,,,,,,,,,,,
472,33892,,1.0,0.0,éŸ³ä¹å®¶,,,,,,,,,,,
473,83725,,4.0,0.0,ç™¾é¦™æœ,,,,,,,,,,,
474,94733,,2.0,0.0,ä¸–ç•Œåœ°å›¾,,,,,,,,,,,
475,c7452,Antigua,1.0,0.0,æ–°é—»æ¥æº,,,,,,,,,,,
476,37684,37684,482.0,0.0,æ€§æ¬²æœ›,,,,,,,,,,,
477,77422,77422,356.0,0.0,ç°å®ç”Ÿæ´»,,,,,,,,,,,
478,67460,67460,1187.0,0.0,å–‡å­å£,,,,,,,,,,,
479,acb74,,34.0,84.0,é€€ä¼å†›äºº,,,,,,,,,,,
480,cccb5,,8429.0,123.0,æ— ç¥è®ºè€…,,,,,,,,,,,
481,445F3,,76.0,25.0,ä¿±ä¹éƒ¨,,,,,,,,,,,
482,ce77c,,353.0,19063.0,ç”Ÿå­˜,,,,,,,,,,,
483,53393,,1.0,0.0,ç‹‚é‡,,,,,,,,,,,
484,38119,38119,3924.0,0.0,æ„å‘³ç€,,,,,,,,,,,
485,2066D,,1.0,0.0,è¿›å…¥,,,,,,,,,,,
486,77458,77458,107.0,0.0,è‰ºæœ¯ä½œå“,,,,,,,,,,,
487,116Ed,,1.0,5.0,æš´åŠ›è¡Œä¸º,,,,,,,,,,,
488,28b6e,,1.0,2.0,å…¨è¿‡ç¨‹,,,,,,,,,,,
489,46182,46182,343.0,0.0,æ€ç»´ä¹ æƒ¯,,,,,,,,,,,
490,abc80,,1.0,8.0,èˆ’æœ,,,,,,,,,,,
491,4875D,,20.0,0.0,å¥¥æ—åŒ¹å…‹,,,,,,,,,,,
492,16140,16140,164.0,0.0,çœŸæ­£,,,,,,,,,,,
493,181Ad,London,21.0,0.0,å¸æˆ·,,,,,,,,,,,
494,D2889,,43.0,0.0,æ„å‘³ç€,,,,,,,,,,,
495,b3b15,,984.0,129.0,é¢å­”,,,,,,,,,,,
496,93401,93401,2401.0,0.0,å–å†³äº,,,,,,,,,,,
497,38127,38127,2487.0,0.0,è¯­è¨€,,,,,,,,,,,
498,15A012,,1.0,3.0,æ ‡å¿—æ€§,,,,,,,,,,,
499,458466,,1.0,0.0,æ´»åŠ¨åˆ†å­,,,,,,,,,,,
500,3baade,,1.0,0.0,æ°”å€™å˜åŒ–,,,,,,,,,,,
501,1200Ff,,1211.0,328.0,åœŸè€³å…¶è¯­,,,,,,,,,,,
502,b91017,,118.0,4646.0,æ¯ç­æ€§,,,,,,,,,,,
503,303494,,10.0,0.0,æ°”å€™å˜åŒ–,,,,,,,,,,,
504,df1060,,1.0,0.0,æƒ³æ³•,,,,,,,,,,,
505,66116E,,19.0,12.0,çœ‹ç€,,,,,,,,,,,
506,0ff5ec,,27.0,25.0,åœ£è¯è€äºº,,,,,,,,,,,
507,54da10,,1.0,0.0,ä½åœ¨ä¸€èµ·,,,,,,,,,,,
508,Befa99,,6.0,1.0,æ‰¬å£°å™¨,,,,,,,,,,,
509,686430,,1.0,0.0,å…„å¼Ÿ,,,,,,,,,,,
510,941419,sa,5.0,4.0,æœ‹å‹,,,,,,,,,,,
511,2929a1,,26.0,7.0,è·Ÿæˆ‘æ¥,,,,,,,,,,,
512,aebd83,,2.0,0.0,çè´µ,,,,,,,,,,,
513,77aa50,,2.0,7.0,ç•™ä¸‹æ¥,,,,,,,,,,,
514,C22006,,238.0,86.0,æŒ‡æŒ¥å®˜,,,,,,,,,,,
515,996176,"ĞœĞ¾ÑĞºĞ²Ğ°, Ğ Ğ¾ÑÑĞ¸Ñ",68.0,9.0,åŠ å…¥,,,,,,,,,,,
516,195967,,24.0,15.0,å§å§,,,,,,,,,,,
517,D44120,,1.0,3.0,æ— ,,,,,,,,,,,
518,00011A,,3354.0,3960.0,æ³¨å†Œ,,,,,,,,,,,
519,752711,"Dores de Campos, Brasil",61.0,274.0,æ— ,,,,,,,,,,,
520,JiaheZhang1997,Hebei China,980.0,1877.0,ç«‹ä½“å£°,,,,,,,,,,,
521,Yanghuikang1,,12591.0,73243.0,ç°å®ç”Ÿæ´»,,,,,,,,,,,
522,RoulanyishuiYHC,People's Republic of China,9078.0,51266.0,æˆå‰§,,,,,,,,,,,
523,ChanJoe18,,2802.0,4242.0,ç¯æ³¡,,,,,,,,,,,
524,Lanzhouer,Lanzhou City in PRC,3010.0,4415.0,ä¸–ç•Œ,,,,,,,,,,,
525,HENG0621,"ä¸Šæµ·, ä¸­åäººæ°‘å…±å’Œå›½",79.0,140.0,å›å¤,,,,,,,,,,,
526,Flashyasf,"Alabama, USA",16976.0,16761.0,ææ€–åˆ†å­,,,,,,,,,,,
527,discountzuzu,"cw: naruto , mha , kny
cr: dog and scum , six of crows

â™¥ï¸twenty
â™¡she her
â™¥ï¸ an aizawa kinda gal",14677.0,24178.0,ä¼šè®®,,,,,,,,,,,
528,cryptodatawiz,,135.0,184.0,é¢†åŸŸ,,,,,,,,,,,
529,bitch_built,She/Her,3682.0,11203.0,æ— ,,,,,,,,,,,
530,Quan697,,4.0,1.0,å¤©æ°”,,,,,,,,,,,
531,Mitsos_Arx,Iron City Greek Sector,369.0,3535.0,æ— ,,,,,,,,,,,
532,MightyGoatWitch,My Bed,196.0,100866.0,æ— ,,,,,,,,,,,
533,Marklord117,,405.0,18.0,è¦æ±‚,,,,,,,,,,,
534,BraveEmblem17,In a place far far away,11419.0,58486.0,é—ªç°,,,,,,,,,,,
535,HaominLiaizg,ä¸­å›½åŒ—äº¬,4517.0,14018.0,èƒœåˆ©,,,,,,,,,,,
536,mark19676,,500.0,653.0,ä¹é˜Ÿ,,,,,,,,,,,
537,lejinjin,,2901.0,10364.0,æ— ,,,,,,,,,,,
538,YangNa18,,867.0,722.0,æ‰‹è¡¨,,,,,,,,,,,
539,Ad4GrY4hiBsiChB,,1803.0,331.0,å¥½,,,,,,,,,,,
540,mikahisudaily,him/she admin. | not spoiler free.,9.0,0.0,æ”¶åˆ°,,,,,,,,,,,
541,_simoneart_,Minor ,6968.0,46689.0,å€¼å¾—,,,,,,,,,,,
542,_dirtyiron_,,99.0,15.0,ç­‰å¾…,,,,,,,,,,,
543,issaanoahh,"Los Angeles, CA",2597.0,14786.0,ä¿ç•™,,,,,,,,,,,
544,Itzvanessa16,,1.0,5.0,ç•™åœ¨,,,,,,,,,,,
545,arthfobic,to owners of content,435.0,2768.0,ä¹è¶£,,,,,,,,,,,
546,GilpatrickTl,Washington State,807.0,389.0,æ‰‹è¡¨,,,,,,,,,,,
547,23Fujitsu,Morocco,1393.0,10131.0,å£°æ˜,,,,,,,,,,,
548,Physiolmy,The State of Palestine,578.0,2407.0,é»‘æ‰‹å…š,,,,,,,,,,,
549,AyikoruLisa,,57.0,276.0,ç”µå­é‚®ä»¶,,,,,,,,,,,
550,superjanella,Wonderland,12769.0,1862.0,ç²¾ç¥åŠ›é‡,,,,,,,,,,,
551,Cade44,,2.0,0.0,å£°æ˜,,,,,,,,,,,
552,619919,gulbarga,2.0,0.0,å›°æƒ‘,,,,,,,,,,,
553,032Dac,,93.0,216.0,æ— ,,,,,,,,,,,
554,255050,,2.0,0.0,ç«æ¯›è†,,,,,,,,,,,
555,333032,,8.0,7.0,è¿½éšè€…,,,,,,,,,,,
556,602121,ØµØ­ÙÙŠ ÙˆÙƒØ§ØªØ¨ ÙˆØ´Ø§Ø¹Ø±,1.0,0.0,ç‰¹,,,,,,,,,,,
557,aa0065,,997.0,149.0,æ— ,,,,,,,,,,,
558,EA7885,,21762.0,30071.0,æ— ,,,,,,,,,,,
559,166465,VILLAHEERMOSA TABASCO,24.0,0.0,æ— ,,,,,,,,,,,
560,fed8631,,5.0,0.0,ç›‘ç‹±,,,,,,,,,,,
561,1243759,,7.0,0.0,é‡‘èå±æœº,,,,,,,,,,,
562,8224225,,1.0,0.0,å¤©æ°”,,,,,,,,,,,
563,cdeaf,,1.0,0.0,ä»·æ ¼ä¸‹é™,,,,,,,,,,,
564,9559a,,3.0,48.0,å¾—åˆ†,,,,,,,,,,,
565,fadef,Curitiba,7.0,0.0,æ— ,,,,,,,,,,,
566,C1164,,5.0,0.0,å£°æ˜,,,,,,,,,,,
567,Fb25F,,1.0,0.0,èŠ±ç™½è‰²,,,,,,,,,,,
568,Cad80,,7.0,0.0,æ— ,,,,,,,,,,,
569,DFD89,Mbabane/Swaziland,1.0,0.0,å£°æ˜,,,,,,,,,,,
570,Ede1D,,1.0,0.0,æˆä¸º,,,,,,,,,,,
571,72402,,4.0,0.0,ç¦æ­¢,,,,,,,,,,,
572,adc88,USA/Germany,68.0,0.0,å¤©æ°”,,,,,,,,,,,
573,8224225,,1.0,0.0,ç…§ç‰‡,,,,,,,,,,,
574,26731,26731,173.0,0.0,å·²ç»,,,,,,,,,,,
575,67Aea,,6.0,516.0,å‘¨å¹´çºªå¿µ,,,,,,,,,,,
576,a3561,,1.0,0.0,æ–½åŠ ,,,,,,,,,,,
577,91300,æ­Œèˆä¼ç”º^_^,1749.0,2483.0,æ— ,,,,,,,,,,,
578,17833,17833,219.0,0.0,çˆ¶æ¯,,,,,,,,,,,
579,2040F,,6.0,0.0,ä¸“ä¸šäººå£«,,,,,,,,,,,
580,c9901,mexico,1.0,1.0,ä¸ŠåºŠç¡è§‰,,,,,,,,,,,
581,57058,57058,201.0,0.0,çœ‹ä¸è§,,,,,,,,,,,
582,Cc91C,,1.0,0.0,ç—…æˆ¿,,,,,,,,,,,
583,fafba,,4.0,0.0,æ— ,,,,,,,,,,,
584,ae995,,39.0,55.0,æ®‹ç–¾äºº,,,,,,,,,,,
585,FAFC4,,281.0,250.0,å–å•¤é…’,,,,,,,,,,,
586,f9b99,,26.0,0.0,å¤©æ°”,,,,,,,,,,,
587,b14d3,,5.0,0.0,æ„å‘³ç€,,,,,,,,,,,
588,FF2F8,,89.0,3.0,å…„å¼Ÿ,,,,,,,,,,,
589,96093,96093,423.0,0.0,ç»™æˆ‘å‘,,,,,,,,,,,
590,b35b2,,14.0,37.0,æ— ,,,,,,,,,,,
591,cac0e,United Kingdom,213.0,609.0,ç‰™å‘¨ç—…,,,,,,,,,,,
592,3711F,,2411.0,661.0,ä¸Šå¸ä¿ä½‘,,,,,,,,,,,
593,44126,44126,2760.0,0.0,å¾ˆå¥½,,,,,,,,,,,
594,D0172,J.town,1.0,0.0,çœ‹ç€,,,,,,,,,,,
595,36382,,1.0,0.0,ç¡çœ ,,,,,,,,,,,
596,ead29,,9.0,8.0,å¯„ç”Ÿè™«,,,,,,,,,,,
597,59045,,2.0,0.0,åˆ¶ä½œ,,,,,,,,,,,
598,baad6,,1.0,0.0,å…„å¼Ÿ,,,,,,,,,,,
599,bd2db,,1.0,0.0,æ— ,,,,,,,,,,,
600,D7Aa9,,232.0,123.0,å£°æ˜,,,,,,,,,,,
601,d2d2a,,3.0,3.0,è‰¾æ»‹ç—…,,,,,,,,,,,
602,70062,70062,902.0,0.0,æ— ,,,,,,,,,,,
603,fc295,NY and LA | 80/20,5560.0,0.0,çƒŸé›¾,,,,,,,,,,,
604,a28a1,,1.0,0.0,ç±»å‹,,,,,,,,,,,
605,F5472,,1.0,0.0,é€€ä¼å†›äºº,,,,,,,,,,,
606,38317,38317,217.0,0.0,å¤©æ°”,,,,,,,,,,,
607,72510,ä¸æ¯›åœ°å¸¯,30610.0,1463.0,æ–°é¡µé¢,,,,,,,,,,,
608,edaa4,,1.0,0.0,é´å­,,,,,,,,,,,
609,20169,20169,675.0,0.0,çœ¼ç›,,,,,,,,,,,
610,Dad80,,2.0,20.0,åšä¸äº†,,,,,,,,,,,
611,65711,65711,333.0,0.0,ç…§ç‰‡,,,,,,,,,,,
612,0942C,,15.0,76.0,å¤©æ°”,,,,,,,,,,,
613,64946,,3.0,0.0,é—ªç°,,,,,,,,,,,
614,56699,Saude,21.0,15.0,å£°æ˜,,,,,,,,,,,
615,bcc22,,580.0,32.0,ç”·æœ‹å‹,,,,,,,,,,,
616,58551,,3.0,0.0,å£°æ˜,,,,,,,,,,,
617,BF345,,543.0,0.0,æ— ,,,,,,,,,,,
618,C1340,,212.0,1.0,ç³Ÿé€äº†,,,,,,,,,,,
619,7a031,setagaya,194.0,2.0,è§„åˆ™,,,,,,,,,,,
620,5599E,,75.0,0.0,æœªå‘½å,,,,,,,,,,,
621,fcce4,,3.0,6.0,éªŒè¯,,,,,,,,,,,
622,a3920,Ø§Ù„ÙŠÙ…Ù† ,32.0,2.0,ç•™ä¸‹æ¥,,,,,,,,,,,
623,4303E,,2558.0,2819.0,æœä»,,,,,,,,,,,
624,56307,56307,315.0,0.0,æ— ,,,,,,,,,,,
625,224Ae,,30.0,4.0,å£°æ˜,,,,,,,,,,,
626,0048f,,2018.0,1.0,å£°æ˜,,,,,,,,,,,
627,67536,Brasil,1.0,0.0,åˆ°è¾¾,,,,,,,,,,,
628,18Dea,,2.0,0.0,æ— ,,,,,,,,,,,
629,a9354,ãŠãŠã•ã‹ã,8.0,0.0,ä¸ŠåºŠç¡è§‰,,,,,,,,,,,
630,66961,,14.0,0.0,æ‡‚,,,,,,,,,,,
631,C0056,,3.0,0.0,å­¦ä¹ ,,,,,,,,,,,
632,65Caa,,5.0,0.0,æŠ•ç¥¨,,,,,,,,,,,
633,6171E,,16.0,0.0,ç®¡ç†,,,,,,,,,,,
634,cada4,,1.0,0.0,è¶‹åŠ¿,,,,,,,,,,,
635,3702e,Java,35.0,4.0,å–ä¸€æ¯,,,,,,,,,,,
636,0f038,,6.0,31.0,è°ˆè¯,,,,,,,,,,,
637,15828,15828,179.0,0.0,è¦æ±‚,,,,,,,,,,,
638,79a9a,Qatar,426.0,0.0,å…¥ä¾µè€…,,,,,,,,,,,
639,d3f4c,,1.0,0.0,è¯•å›¾,,,,,,,,,,,
640,20Bbc,,25.0,0.0,æèµ è€…,,,,,,,,,,,
641,ddefa,,633.0,10699.0,æ— ,,,,,,,,,,,
642,67109,67109,536.0,0.0,çœŸæ­£,,,,,,,,,,,
643,72274,,12.0,0.0,å¯»æ‰¾,,,,,,,,,,,
644,CC424,,1.0,0.0,æ„å‘³ç€,,,,,,,,,,,
645,AA8DD,,39.0,450.0,å¸Œæœ›,,,,,,,,,,,
646,44529,æœ€è¿‘å·å´ã«,20.0,0.0,é’‰å­,,,,,,,,,,,
647,DFeda,,4.0,2.0,å¤©æ‰,,,,,,,,,,,
648,66835,66835,308.0,0.0,å¥½,,,,,,,,,,,
649,98902,98902,531.0,0.0,é”¦æ ‡èµ›,,,,,,,,,,,
650,70800,,3.0,0.0,å®¶äºº,,,,,,,,,,,
651,12173,12173,337.0,0.0,è‹±é›„ä¸»ä¹‰,,,,,,,,,,,
652,E3665,,1.0,0.0,ç…§ç‰‡,,,,,,,,,,,
653,ae735,,8.0,0.0,è›‹ç³•,,,,,,,,,,,
654,6EAF6,,1.0,0.0,å®é™…ä¸Š,,,,,,,,,,,
655,48478,,44.0,0.0,å®åœ°è€ƒå¯Ÿ,,,,,,,,,,,
656,E9811,,1.0,0.0,æ–¹å¼,,,,,,,,,,,
657,87887,æ±äº¬éƒ½,3.0,0.0,æ—©å®‰,,,,,,,,,,,
658,Bc477,,3.0,13.0,æ”¯æŒ,,,,,,,,,,,
659,DbFd8,,1.0,0.0,è¯•å›¾,,,,,,,,,,,
660,10039,10039,954.0,0.0,æ—¶é—´è¡¨,,,,,,,,,,,
661,3B14,,1.0,0.0,æ´—å‘æ°´,,,,,,,,,,,
662,fa14,,1.0,0.0,é‚®ä»¶åœ°å€,,,,,,,,,,,
663,f14b,,43.0,0.0,æ”¿æ²»è…è´¥,,,,,,,,,,,
664,daa8,,1.0,0.0,é…ç½®æ–‡ä»¶,,,,,,,,,,,
665,1365,,1.0,0.0,å¯æ€œ,,,,,,,,,,,
666,18ba,Manaus,3.0,0.0,å¹¸è¿,,,,,,,,,,,
667,c0ca,,13.0,0.0,å¡è‡ªæ¨ç‰¹,,,,,,,,,,,
668,C06E,,961.0,165.0,é‚®ä»¶,,,,,,,,,,,
669,3Cec,"CÃ³rdoba, Argentina",644.0,18706.0,åŒæ€§æ‹,,,,,,,,,,,
670,f1cb,,17.0,6.0,ç–²åŠ³,,,,,,,,,,,
671,df11,,24.0,183.0,ä¸Šå¸ä¿ä½‘,,,,,,,,,,,
672,cdf4,,2.0,0.0,å€ºåŠ¡,,,,,,,,,,,
673,bcef,SF - San Mateo - Santa Clara,985.0,218.0,è¥¿ç­ç‰™è¯­,,,,,,,,,,,
674,53b1,manila,5.0,7.0,ç³Ÿç³•,,,,,,,,,,,
675,225A,,2.0,0.0,å®éªŒæŠ¥å‘Š,,,,,,,,,,,
676,1119,,1.0,0.0,ç¡è§‰,,,,,,,,,,,
677,B20e,,3573.0,2333.0,æ­»äº¡ç‡,,,,,,,,,,,
678,83ce,,1.0,0.0,è‡ªè¡Œè½¦,,,,,,,,,,,
679,f88f,,43.0,341.0,ä¼‘æ¯,,,,,,,,,,,
680,2551,,2.0,0.0,æ’’è°,,,,,,,,,,,
681,D21C,,630.0,2.0,é•œå¤´,,,,,,,,,,,
682,ba26,,1.0,0.0,æ——å¸œ,,,,,,,,,,,
683,1917,,173.0,84.0,å¸è¡€é¬¼,,,,,,,,,,,
684,d750,Spain,8.0,2.0,çš®è‚¤,,,,,,,,,,,
685,FD47,,11.0,0.0,æ—¥å­,,,,,,,,,,,
686,286c,æ—¥æœ¬ã®ä½•å‡¦ã‹ã€‚,45600.0,66.0,æ— ,,,,,,,,,,,
687,BB20,Ohio,2205.0,849.0,è‘¡è„é…’,,,,,,,,,,,
688,3D56,,1.0,0.0,æ´¾å¯¹,,,,,,,,,,,
689,1872,"Selangor, Malaysia",37.0,6575.0,ç”µç¯æ³¡,,,,,,,,,,,
690,704b,,1.0,0.0,å–œæ¬¢,,,,,,,,,,,
691,4346,,4.0,1.0,å©´å„¿,,,,,,,,,,,
692,60Ff,,48.0,26.0,çˆ¸çˆ¸,,,,,,,,,,,
693,ee25,,10.0,1.0,ç‹—ä»”é˜Ÿ,,,,,,,,,,,
694,B569,,1.0,0.0,ç«™ç‚¹,,,,,,,,,,,
695,c746,,3.0,0.0,ç§°ä¹‹ä¸º,,,,,,,,,,,
696,acbe,,29557.0,95790.0,å®¶ä¼™,,,,,,,,,,,
697,6391,,2.0,0.0,æµåª’ä½“,,,,,,,,,,,
698,92F4,,13.0,10.0,æ³¨æ„äº‹é¡¹,,,,,,,,,,,
699,b97a,,1.0,0.0,ç»ç’ƒ,,,,,,,,,,,
700,d66d,,31.0,1.0,å­¦æ ¡,,,,,,,,,,,
701,c47b,Pescara,2.0,0.0,é¢†å–,,,,,,,,,,,
702,e2b1,,5.0,1.0,æƒ³è¦,,,,,,,,,,,
703,239E,,1.0,0.0,èŠå¤©,,,,,,,,,,,
704,ae86,,5.0,0.0,ä¸–ç•Œ,,,,,,,,,,,
705,3517,,3.0,0.0,ç”µå­é‚®ä»¶,,,,,,,,,,,
706,a398,,50812.0,272.0,å¿«ä¹,,,,,,,,,,,
707,d740,Denmark,402.0,4.0,è®¢é˜…,,,,,,,,,,,
708,8800,æœ­å¹Œ,1.0,0.0,æ— ,,,,,,,,,,,
709,D263,,6.0,0.0,æ— ,,,,,,,,,,,
710,E24E,,2.0,1.0,å…„å¼Ÿ,,,,,,,,,,,
711,076e,ë‚´ë°œê°€ë½ìˆëŠ”ê³³,8.0,0.0,å·²ç»,,,,,,,,,,,
712,DB07,"Bristol, England, UK",1.0,0.0,æ£€æŸ¥ä¸€ä¸‹,,,,,,,,,,,
713,dd3c,ç™½æ²³å¸‚,1.0,0.0,æƒ³æ³•,,,,,,,,,,,
714,17D3,,1.0,0.0,è´­ä¹°,,,,,,,,,,,
715,939e,,3.0,0.0,åœ°é“,,,,,,,,,,,
716,f092,,6.0,4.0,ä½œæˆ,,,,,,,,,,,
717,9c2e,,30.0,105.0,æ— ,,,,,,,,,,,
718,07A4,,2.0,0.0,å§”å†…ç‘æ‹‰äºº,,,,,,,,,,,
719,d09b,,115.0,0.0,æ— ,,,,,,,,,,,
720,9caa,,238.0,3.0,æ— ,,,,,,,,,,,
721,4A04,,1.0,0.0,é¢„å‘Šç‰‡,,,,,,,,,,,
722,1414,,3254.0,143.0,æŸ¥çœ‹,,,,,,,,,,,
723,7C8b,,4.0,0.0,ä¸Šå¸ä¿ä½‘,,,,,,,,,,,
724,3add,,9105.0,48986.0,æ— ,,,,,,,,,,,
725,1024,"Silver Spring, MD",1552.0,170.0,è§‰å¾—,,,,,,,,,,,
726,81Fd,KYOTO,638.0,6.0,å¤©æ°”,,,,,,,,,,,
727,b136,,1.0,0.0,ä¸ŠåºŠç¡è§‰,,,,,,,,,,,
728,F629,,1.0,0.0,å®‰æ¯æ—¥,,,,,,,,,,,
729,F20F,,1.0,0.0,è¯¦ç»†ä¿¡æ¯,,,,,,,,,,,
730,F91d,,285.0,2.0,åˆé¤æ—¶é—´,,,,,,,,,,,
731,52fd,,3.0,20.0,å¯†ç ,,,,,,,,,,,
732,311b,,2.0,0.0,æ·»åŠ ,,,,,,,,,,,
733,Ed21,,3.0,0.0,æ„è¯†,,,,,,,,,,,
734,4509,,1.0,0.0,å¢™å¢™,,,,,,,,,,,
735,EAE6,,1.0,0.0,æŠŠæ‰‹,,,,,,,,,,,
736,A336,,123.0,0.0,æ— èŠ,,,,,,,,,,,
737,D32d,,1.0,0.0,ç¬”è®°æœ¬ç”µè„‘,,,,,,,,,,,
738,2baf,,11.0,0.0,å‚ä¸è€…,,,,,,,,,,,
739,0a20,,6737.0,1950.0,å§å§,,,,,,,,,,,
740,e321,,1.0,0.0,å¿«é€Ÿå¢é•¿,,,,,,,,,,,
741,5f8f,,1.0,0.0,è€æ¿,,,,,,,,,,,
742,000B,,1.0,0.0,å­¤ç‹¬,,,,,,,,,,,
743,13fc,Caricuao city,252.0,248.0,æ— ,,,,,,,,,,,
744,529A,,1.0,0.0,ç å®å•†,,,,,,,,,,,
745,293b,,1.0,0.0,ç”Ÿæ´»,,,,,,,,,,,
746,4724,india,20.0,0.0,ç ”ç£¨,,,,,,,,,,,
747,6fff,,2.0,1.0,åƒåœ¾é‚®ä»¶,,,,,,,,,,,
748,050E,,1063.0,10.0,é•¿è·ç¦»,,,,,,,,,,,
749,99b2,,1.0,1.0,ç¬‘è¯,,,,,,,,,,,
750,86ca,,1.0,0.0,æŸç§åŸå› ,,,,,,,,,,,
751,ef74,åœ°ä¸‹å®¤,47608.0,1676.0,æ— ,,,,,,,,,,,
752,dfc0,,433.0,325.0,æ— ,,,,,,,,,,,
753,5313,"Arhus, Denmark",98.0,5856.0,æ— ,,,,,,,,,,,
754,d120,,9.0,0.0,è±ªåé…’åº—,,,,,,,,,,,
755,9449,,3.0,0.0,æ™ºèƒ½æ‰‹æœº,,,,,,,,,,,
756,f9d3,Samarinda,11.0,0.0,å®é™…ä¸Š,,,,,,,,,,,
757,1dab,"Texas, USA",68.0,1633.0,æ‰“å“ˆæ¬ ,,,,,,,,,,,
758,9ee4,,168.0,81.0,è¾›è¿ªåŠ ,,,,,,,,,,,
759,102b,,1.0,0.0,æ‰€æœ‰äºº,,,,,,,,,,,
760,0aa0,,1364.0,1.0,è§åˆ°,,,,,,,,,,,
761,D31A,,4.0,0.0,è·Ÿç€,,,,,,,,,,,
762,FC47,,344.0,8021.0,æˆ¿å­,,,,,,,,,,,
763,1770,1770 Queensland Australia,1666.0,6107.0,æœåŠ¡æä¾›å•†,,,,,,,,,,,
764,b54e,,2.0,0.0,æµ‹è¯•,,,,,,,,,,,
765,2505,,1.0,0.0,è›‹é»„é…±,,,,,,,,,,,
766,6ae4,,63.0,9.0,çˆ¶æ¯,,,,,,,,,,,
767,D1DC,"Wales, UK",1639.0,21.0,å®Œæˆ,,,,,,,,,,,
768,8Ed8,,1.0,0.0,å¤©æ°”,,,,,,,,,,,
769,B202,,1.0,0.0,ç”³è¯·åŠ å…¥,,,,,,,,,,,
770,afa6,madrid,277.0,110.0,ç¨€æœ‰,,,,,,,,,,,
771,2ba8,,116.0,17833.0,å·¥ä½œ,,,,,,,,,,,
772,3193,Tokyo,33.0,13.0,ä¿®å¤,,,,,,,,,,,
773,36c3,,1.0,0.0,æ— ,,,,,,,,,,,
774,faf2,,5.0,0.0,åº”è¯¥,,,,,,,,,,,
775,fefd,,1.0,0.0,è¾¾åˆ°,,,,,,,,,,,
776,c337,"Qaanaaq, Kalaallit Nunaat",45442.0,19415.0,èµ¢å–,,,,,,,,,,,
777,721E,åŸ¼ç‰çœŒä¼Šå¥ˆç”º,387.0,19.0,ç§‘å­¦,,,,,,,,,,,
778,22cc,cosplay ig: whitchcraftcosplay,119616.0,51309.0,æ‰§è¡Œå®˜,,,,,,,,,,,
779,bb03,,29.0,0.0,é¢†å¯¼è€…,,,,,,,,,,,
780,E2A1,,7.0,65.0,èˆ€,,,,,,,,,,,
781,6013,,2.0,0.0,å¾ˆå¥½,,,,,,,,,,,
782,2aa1,,3.0,0.0,è·å¾—,,,,,,,,,,,
783,c993,,1.0,0.0,å¾’æ­¥æ—…è¡Œ,,,,,,,,,,,
784,5817,,19.0,1.0,æ— ,,,,,,,,,,,
785,035A,,2.0,0.0,å­¦ä¹ ,,,,,,,,,,,
786,0094,é•·å´å¸‚,1119.0,489.0,ä¸ŠåºŠç¡è§‰,,,,,,,,,,,
787,725F,,441.0,2.0,æ— ,,,,,,,,,,,
788,3223,Mejico,1221.0,449.0,è·Ÿç€,,,,,,,,,,,
789,86ca,,1.0,0.0,ä¼Šæ–¯å…°æ•™,,,,,,,,,,,
790,a1cd,,1.0,0.0,æ‰€æœ‰äºº,,,,,,,,,,,
791,A239,Classified.,2.0,0.0,çŸ¥é“,,,,,,,,,,,
792,EF90,,1.0,0.0,è¶Šæ¥è¶Š,,,,,,,,,,,
793,4708,,1.0,0.0,è¿›å…¥,,,,,,,,,,,
794,a52e,,2.0,4.0,ç…§ç‰‡,,,,,,,,,,,
795,20A5,,2.0,0.0,æ¶åŠ£,,,,,,,,,,,
796,BC37,"Minneapolis, MN",158.0,6.0,æ°‘ç²¹ä¸»ä¹‰,,,,,,,,,,,
797,6A09,Singapore,2.0,0.0,ç”Ÿæ´»,,,,,,,,,,,
798,D24C,,1371.0,303.0,å’–å•¡é¦†,,,,,,,,,,,
799,ba1b,,3.0,0.0,æ— ,,,,,,,,,,,
800,32c2,,25.0,0.0,ä½œæˆ,,,,,,,,,,,
801,bc4b,Seattle WA,173.0,11.0,åˆ›é€ ,,,,,,,,,,,
802,0722,,1.0,0.0,å¿ƒè„ç—…,,,,,,,,,,,
803,cb55,"Tucson, AZ",1.0,0.0,æµåª’ä½“,,,,,,,,,,,
804,058A,æ„›çŸ¥çœŒ,59.0,0.0,è¾“ç»™,,,,,,,,,,,
805,ee68,,1.0,0.0,æ‰‹å¥—,,,,,,,,,,,
806,ae98,,218.0,0.0,æ— ,,,,,,,,,,,
807,c7c8,,63.0,0.0,ä¸å¥½,,,,,,,,,,,
808,8b20,,3.0,0.0,çˆµå£«,,,,,,,,,,,
809,D7C5,,1.0,1.0,ä½œæˆ,,,,,,,,,,,
810,6055,"san diego, ca",4.0,0.0,å°æ—¶,,,,,,,,,,,
811,3533,,2.0,0.0,å¬,,,,,,,,,,,
812,D1a4,,1.0,0.0,å‡†å¤‡,,,,,,,,,,,
813,A17C,"PetrÃ³polis, Brasil",200.0,3033.0,çœ‹çœ‹,,,,,,,,,,,
814,5ba8,,1.0,0.0,éå‡¡,,,,,,,,,,,
815,5057,,4.0,645.0,è·å¾—,,,,,,,,,,,
816,B137,,1.0,0.0,çŠ¹å¤ªä¸»ä¹‰,,,,,,,,,,,
817,5d62,,1.0,0.0,æˆå¹´äºº,,,,,,,,,,,
818,3c35,,979.0,19.0,æ³¨æ„åŠ›,,,,,,,,,,,
819,ff2b,Del Rio,797.0,37.0,æ— ,,,,,,,,,,,
820,1148,,5.0,0.0,å·²ç»,,,,,,,,,,,
821,d99a,,1.0,0.0,å¦ˆå¦ˆ,,,,,,,,,,,
822,23A8,,2.0,0.0,é—²é€›,,,,,,,,,,,
823,D369,,1.0,0.0,å¥½,,,,,,,,,,,
824,4D18,"ÃœT: -6.164094,106.634322",9.0,0.0,åˆ°è¾¾,,,,,,,,,,,
825,c2bd,,1.0,0.0,æ”¯æŒ,,,,,,,,,,,
826,5720,,2.0,0.0,æå­,,,,,,,,,,,
827,9635,,1.0,1.0,æ— ,,,,,,,,,,,
828,241D,surabaya,103.0,14.0,æƒ…æ„Ÿ,,,,,,,,,,,
829,407B,,2.0,0.0,å›½é™…,,,,,,,,,,,
830,22ae,uae,1.0,0.0,çˆ±æƒ…,,,,,,,,,,,
831,3605,,8.0,0.0,å……æ»¡çƒ­æƒ…,,,,,,,,,,,
832,ebb5,Toronto,251.0,235.0,æ•°å­—åŒ–,,,,,,,,,,,
833,ED99,,50.0,0.0,ä¸ŠåºŠç¡è§‰,,,,,,,,,,,
834,eb55,,1.0,0.0,ç»“æŸ,,,,,,,,,,,
835,FCE6,,1.0,0.0,æ—…è¡Œè€…,,,,,,,,,,,
836,d5a7,mexico,3036.0,889.0,è´§å¸,,,,,,,,,,,
837,1534,,1.0,0.0,åº¦å‡,,,,,,,,,,,
838,e5e1,,1.0,0.0,å˜´å”‡,,,,,,,,,,,
839,3B14,,1.0,0.0,ç”Ÿæ´»,,,,,,,,,,,
840,f955,,3.0,0.0,æˆ¿å­,,,,,,,,,,,
841,7ad0,,1.0,0.0,æ— ,,,,,,,,,,,
842,27df,,1.0,0.0,ä½œæˆ,,,,,,,,,,,
843,26BF,,72.0,134.0,å‘¨å¹´çºªå¿µ,,,,,,,,,,,
844,f321,,2.0,0.0,å¥³æ¼”å‘˜,,,,,,,,,,,
845,1511,"Penfield, NY",4245.0,1552.0,åº”ç”¨ç¨‹åº,,,,,,,,,,,
846,D089,,3.0,8.0,æ— ,,,,,,,,,,,
847,4027,,7.0,0.0,æ— ,,,,,,,,,,,
848,986B,,1.0,0.0,æœ€ä½æ¸©åº¦,,,,,,,,,,,
849,6ede,,35.0,0.0,æ­Œè¯,,,,,,,,,,,
850,59Da,,1.0,0.0,é‡‘å‘å¥³éƒ,,,,,,,,,,,
851,5f4a,,13.0,0.0,ç”·å¥³æ€§,,,,,,,,,,,
852,f536,,1.0,10.0,åœ°åŒº,,,,,,,,,,,
853,c993,,1.0,0.0,æƒ…ç»ªåŒ–,,,,,,,,,,,
854,C202,,1.0,0.0,ç¨æ”¶æ”¶å…¥,,,,,,,,,,,
855,5cac,,1.0,0.0,é‡‘èæœºæ„,,,,,,,,,,,
856,8645,"Bucharest, Romania",16.0,0.0,å¢å¼ºå‹,,,,,,,,,,,
857,b655,,25.0,0.0,è¾“å…¥,,,,,,,,,,,
858,CC12,,19.0,2.0,äººå£,,,,,,,,,,,
859,A205,,1.0,0.0,æ±½è½¦,,,,,,,,,,,
860,3190,"Hotaka Mountains, Japan Alps",2678.0,758.0,æ— ,,,,,,,,,,,
861,58ba,,11.0,0.0,ç©†æ–¯æ—,,,,,,,,,,,
862,e534,,51.0,0.0,çˆ¶æ¯,,,,,,,,,,,
863,E626,,1.0,0.0,è¾£æ¤’é…±,,,,,,,,,,,
864,1ad3,"Cape Town, South Africa",1.0,17.0,å¾®ç¬‘,,,,,,,,,,,
865,1104,ç©¢ã‚Œã®å©å ,45391.0,14522.0,ä¿„è¯­,,,,,,,,,,,
866,5053,,8.0,1.0,è§åˆ°,,,,,,,,,,,
867,9125,,52.0,0.0,å®¢æˆ·æœåŠ¡,,,,,,,,,,,
868,913D,,2031.0,31.0,é‚®ä»¶,,,,,,,,,,,
869,f05c,,1.0,0.0,å…»é¸¡åœº,,,,,,,,,,,
870,8e88,à¸à¸—à¸¡,13.0,101.0,ç”µå­é‚®ä»¶,,,,,,,,,,,
871,ff40,,1.0,0.0,æµ‹è¯•,,,,,,,,,,,
872,5d57,,222.0,0.0,ç‹™å‡»æ‰‹,,,,,,,,,,,
873,5517,,2.0,22.0,ç¾å¥½æ—¶å…‰,,,,,,,,,,,
874,737d,,3.0,3.0,æƒ³,,,,,,,,,,,
875,1A14,,1.0,0.0,å„¿å­,,,,,,,,,,,
876,6121,,2.0,2.0,å›ç­”,,,,,,,,,,,
877,6013,,2.0,0.0,ç¬‘ç¬‘,,,,,,,,,,,
878,a525,,1.0,0.0,æœ‰è¶£,,,,,,,,,,,
879,BD45,,3.0,0.0,çœ‹ä¸åˆ°,,,,,,,,,,,
880,8022,ã«ã‚ƒã”ã‚„,28125.0,817.0,ç•™ä¸‹æ¥,,,,,,,,,,,
881,82c1,,1.0,0.0,æœåŠ¡å™¨,,,,,,,,,,,
882,D1Ed,Western Australia,4.0,0.0,äº‹æƒ…,,,,,,,,,,,
883,847D,,6.0,0.0,è·Ÿç€,,,,,,,,,,,
884,2c38,,4.0,0.0,ç²¾ç¾,,,,,,,,,,,
885,0587,,1.0,0.0,åšè§ˆä¼š,,,,,,,,,,,
886,BC21,"ÃœT: 40.615533,-74.602263",4.0,3.0,å‡†å¤‡,,,,,,,,,,,
887,16Bf,,8.0,0.0,æ‰€æœ‰äºº,,,,,,,,,,,
888,5bff,,1.0,0.0,ç•™ä¸‹,,,,,,,,,,,
889,95D3,trujillo,1.0,0.0,æ…ˆå–„æœºæ„,,,,,,,,,,,
890,dc3e,,57.0,328.0,å­˜åœ¨,,,,,,,,,,,
891,bdf8,,1.0,0.0,å¾—åˆ°,,,,,,,,,,,
892,2aa1,,3.0,0.0,æ— ,,,,,,,,,,,
893,1d57,,4.0,0.0,æ— ,,,,,,,,,,,
894,e471,,1.0,0.0,å°æ—¶,,,,,,,,,,,
895,1922,,1.0,0.0,å¹´è½»,,,,,,,,,,,
896,E2A1,,7.0,65.0,ç”Ÿæ´»,,,,,,,,,,,
897,16e9,,2.0,0.0,è´¢æ”¿å¹´åº¦,,,,,,,,,,,
898,a5b6,,4.0,0.0,ä¿æŒ,,,,,,,,,,,
899,6eb1,,452.0,55.0,å¼€å¿ƒ,,,,,,,,,,,
900,fd37,,1.0,0.0,åˆä½œä¼™ä¼´,,,,,,,,,,,
901,F1A8,,1.0,0.0,æŒ‡æŒ¥å®˜,,,,,,,,,,,
902,4331,,5.0,0.0,åˆšåˆš,,,,,,,,,,,
903,9631,,1.0,0.0,çˆµå£«,,,,,,,,,,,
904,c3c9,,1.0,0.0,å›ä¹±åˆ†å­,,,,,,,,,,,
905,89Eb,Ø§Ù„Ø¹Ø±Ø§Ù‚ ØªÙƒØ±ÙŠØª,2.0,1.0,åº”ç”¨ç¨‹åº,,,,,,,,,,,
906,FB99,,1.0,0.0,å·§åˆ,,,,,,,,,,,
907,b23d,,23.0,41.0,æœåŠ¡æä¾›å•†,,,,,,,,,,,
908,c834,,11.0,0.0,æ­å–œ,,,,,,,,,,,
909,40Ca,,2.0,0.0,ä¸šä½™æ—¶é—´,,,,,,,,,,,
910,13b3,SÃ£o Paulo/ Minas Gerais,36.0,0.0,ç…§ç‰‡,,,,,,,,,,,
911,f849,VENEZUELA,21986.0,4542.0,æ— ,,,,,,,,,,,
912,0971,,2.0,0.0,æ­¹å¾’,,,,,,,,,,,
913,5817,,19.0,1.0,é¦–æ­Œæ›²,,,,,,,,,,,
914,bbfe,,63.0,1.0,ä¸‹é›¨å¤©,,,,,,,,,,,
915,14fe,é–¢æ±,30.0,0.0,è¿›è¡Œ,,,,,,,,,,,
916,827b,,3.0,0.0,å†°çƒ,,,,,,,,,,,
917,c63d,Wasaga  Beach,1.0,4.0,æœ‹å‹,,,,,,,,,,,
918,2d4d,,1.0,0.0,å¸è¡€é¬¼,,,,,,,,,,,
919,cb29,Tokyo Japan,13286.0,69.0,æ—¶é—´è¡¨,,,,,,,,,,,
920,442A,,10.0,0.0,å·¥ä½œæ—¥,,,,,,,,,,,
921,1418,,3.0,0.0,æ”¯æŒ,,,,,,,,,,,
922,d337,"ÃœT: -7.280384,112.783219",202.0,2.0,ç‰¹æ˜¯,,,,,,,,,,,
923,6817,,62.0,0.0,è·Ÿéš,,,,,,,,,,,
924,ADFC,Atlanta,5.0,0.0,å¹å£å“¨,,,,,,,,,,,
925,2491,,10.0,0.0,å‚è®®é™¢,,,,,,,,,,,
926,06Cd,,9.0,571.0,å……æ»¡å¸Œæœ›,,,,,,,,,,,
927,b882,izmirrrr,2.0,0.0,ç”¨æˆ·å,,,,,,,,,,,
928,a0a1,,117.0,22.0,äº’è”ç½‘,,,,,,,,,,,
929,2AD7,New Jersey,3554.0,1822.0,é©±åŠ¨å™¨,,,,,,,,,,,
930,8e91,,1.0,0.0,ç…§ç‰‡,,,,,,,,,,,
931,6335,Ø§Ø¹Ù…Ø§Ù‚ Ø§Ù„Ø§Ù†ØªØ±Ù†Øª,44.0,49.0,å†å²è®°å½•,,,,,,,,,,,
932,5cc5,South Korea,21.0,0.0,æ— ,,,,,,,,,,,
933,CCAC,"Pittsburgh, PA",18780.0,9885.0,å‚ä¸,,,,,,,,,,,
934,5e30,,411.0,0.0,å·¥ä½œ,,,,,,,,,,,
935,21CF,,2542.0,762.0,å¯’å†·,,,,,,,,,,,
936,6E66,bcn,1.0,0.0,è´­ç‰©,,,,,,,,,,,
937,2ac9,,140.0,2.0,å”®ç¥¨å‘˜,,,,,,,,,,,
938,949B,Houston Tx.,1.0,0.0,æ¯ä¹³å–‚å…»,,,,,,,,,,,
939,ce19,,1.0,0.0,ç”µå­å‡ºç‰ˆ,,,,,,,,,,,
940,8106,Mexico City,15679.0,2740.0,æ— ,,,,,,,,,,,
941,c4a7,,20.0,7.0,æ³¨å†Œ,,,,,,,,,,,
942,7258,"ì„œìš¸íŠ¹ë³„ì‹œ, í•œêµ­",138.0,0.0,æœç´¢,,,,,,,,,,,
943,4164,,1.0,0.0,æµ‹è¯•,,,,,,,,,,,
944,715D,,4.0,0.0,é—ªå…‰ç¯,,,,,,,,,,,
945,00Ea,Rize - CbÃ¼,2180.0,316.0,åˆšåˆš,,,,,,,,,,,
946,c388,,14.0,3.0,é¢†å¯¼è€…,,,,,,,,,,,
947,4d5d,,1.0,0.0,å‘ç–¯,,,,,,,,,,,
948,b076,Canada,1.0,0.0,ä¸‹é›¨å¤©,,,,,,,,,,,
949,F1b0,Sevilla,15588.0,97.0,äº«å—,,,,,,,,,,,
950,0822,Toronto Canada,8.0,0.0,ç­‰å¾…,,,,,,,,,,,
951,deb0,"Orange County, CA",1060.0,1059.0,å¦ç‡åœ°,,,,,,,,,,,
952,984F,,77.0,0.0,æ±½è½¦æ–°é—»,,,,,,,,,,,
953,563e,"Ø§Ù„Ø±ÙŠØ§Ø¶, Ø§Ù„Ù…Ù…Ù„ÙƒØ© Ø§Ù„Ø¹Ø±Ø¨ÙŠØ© Ø§Ù„Ø³Ø¹ÙˆØ¯ÙŠØ©",81.0,544.0,å­¦ä¹ ,,,,,,,,,,,
954,2628,,1.0,0.0,è·Ÿç€,,,,,,,,,,,
955,fe90,Italy,1.0,0.0,è‰ºæœ¯å®¶,,,,,,,,,,,
956,97Db,,12.0,1.0,å¤©æ°”é¢„æŠ¥,,,,,,,,,,,
957,4b01,,4.0,5.0,ä½,,,,,,,,,,,
958,6896,å®®åŸçœŒ,16.0,19.0,é’»å­”å™¨,,,,,,,,,,,
959,505c,,1.0,0.0,è·¯å‘,,,,,,,,,,,
960,3eca,Melbourne ,5.0,1.0,ç³Ÿé€äº†,,,,,,,,,,,
961,1FBA,Near Water in a  RIPTIDE,1058.0,141.0,è§†é¢‘,,,,,,,,,,,
962,123C,,4.0,0.0,æ— ,,,,,,,,,,,
963,34a3,,1.0,0.0,ä¿±ä¹éƒ¨,,,,,,,,,,,
964,3361,,12.0,0.0,ä¸–ç•Œ,,,,,,,,,,,
965,1fd0,,3.0,0.0,ç…§ç‰‡,,,,,,,,,,,
966,15e9,,1.0,1.0,åˆ¶é€ å‚,,,,,,,,,,,
967,4398,,2.0,0.0,ç‰›ä»”è£¤,,,,,,,,,,,
968,d830,,3.0,0.0,æ— ,,,,,,,,,,,
969,196B,,1.0,0.0,å›¾ä¹¦é¦†,,,,,,,,,,,
970,eb54,,2.0,0.0,çƒ¹é¥ª,,,,,,,,,,,
971,D05D,,2747.0,8.0,æ¶ˆéŸ³å™¨,,,,,,,,,,,
972,2706,,1.0,0.0,å·¥ä½œ,,,,,,,,,,,
973,5598,,1.0,0.0,å°è¯•,,,,,,,,,,,
974,1506,,1.0,0.0,æœç´¢,,,,,,,,,,,
975,c2a0,"Manaus, Brasil",2.0,7.0,å¯„ç”Ÿè™«,,,,,,,,,,,
976,bc45,,2.0,0.0,å«é†’,,,,,,,,,,,
977,9e6a,,88.0,1.0,è¡¨å…„å¼Ÿ,,,,,,,,,,,
978,E804,China... I mean Richmond,36.0,0.0,çŠ¯é”™è¯¯,,,,,,,,,,,
979,944e,,7.0,0.0,å°æ—¶,,,,,,,,,,,
980,ae5c,Oklahoma City,107.0,119.0,è‡ªè¡Œè½¦,,,,,,,,,,,
981,823C,,335.0,0.0,åº”ç”¨ç¨‹åº,,,,,,,,,,,
982,27cc,,1.0,0.0,å¼€ç©ç¬‘,,,,,,,,,,,
983,773D,,3.0,0.0,æ›²æ£çƒ,,,,,,,,,,,
984,c0dd,"Bushwick, Brooklyn",22260.0,7255.0,ä½é™¢æ²»ç–—,,,,,,,,,,,
985,a4e5,,120.0,0.0,æ…ˆå–„æœºæ„,,,,,,,,,,,
986,4436,,1.0,0.0,æ–‡ç« ,,,,,,,,,,,
987,f3c5,,12.0,6.0,è¯•è¯•,,,,,,,,,,,
988,b438,,4125.0,16849.0,å®åœ¨,,,,,,,,,,,
989,dc95,,4.0,0.0,é©±åŠ¨ç¨‹åº,,,,,,,,,,,
990,9777,,3.0,0.0,å®é™…ä¸Š,,,,,,,,,,,
991,db1a,,5.0,0.0,å·¥ä¸š,,,,,,,,,,,
992,3E29,,2.0,0.0,çœ‹ä¸åˆ°,,,,,,,,,,,
993,CCCE,,109.0,158.0,åˆšåˆš,,,,,,,,,,,
994,06Ab,,3.0,0.0,æœ€,,,,,,,,,,,
995,88AD,Both Bournemouth & Glasgow,23.0,5.0,æ„å‘³ç€,,,,,,,,,,,
996,28Bb,,2.0,0.0,é­”æœ¯å¸ˆ,,,,,,,,,,,
997,B4E3,,1.0,0.0,æµè§ˆå™¨,,,,,,,,,,,
998,1154,,29.0,0.0,ååœ¨,,,,,,,,,,,
999,F09B,,19.0,0.0,æ— ,,,,,,,,,,,
1000,Jerry,,3.0,5.0,ç”¨æˆ·å,,,,,,,,,,,
1001,Admin,,15.0,22.0,æ ¸ç”µç«™,,,,,,,,,,,
